iter	MultiClass
0	0.343256255
1	0.2231668541
2	0.1685699575
3	0.1392349015
4	0.1231565025
5	0.1155198621
6	0.1112557292
7	0.1079449221
8	0.105371175
9	0.1038548142
