iter	MultiClass
0	0.339751435
1	0.2337170815
2	0.1811116871
3	0.1538132568
4	0.1392474895
5	0.1317975799
6	0.1273609661
7	0.1242513555
8	0.1213750904
9	0.1199708576
