iter	MultiClass
0	0.3373633002
1	0.2355634598
2	0.1857618378
3	0.1573230195
4	0.1416433908
5	0.1338592829
6	0.1278939289
7	0.1246283825
8	0.1221102504
9	0.120722612
